id,series,stage,premier_stage,origin,origin_stage,od_gmbh,min,bep,max,h0,h1,h2,h3,h4,h5,p0,p1,p2,p3,p4,p5,ct1,ct2,ct3,ct4,ct5,ct6,npsh0,npsh1,npsh2,npsh3,kq1,kq2,kq3,kq4,kq5,kq6,kh1,kh2,kh3,kh4,kh5,kh6,kp1,kp2,kp3,kp4,kp5,kp6,pump_od,standard_burst,high_burst,shaft_od,standard_hp,high_hp,min_stages,max_stages,stage_increase,max_thrust,brand,num_stages,tdh0,bhp0,bpdmin,tdhmin,bhpmin,bpdbep,tdhbep,bhpbep,bpdmax,tdhmax,bhpmax,ch1,ch2,ch3,ch4,ch5,ch6,cp1,cp2,cp3,cp4,cp5,cp6,flowlength,headlength,thrustlength,hplength,efflength,flowtick,headtick,thrusttick,hptick,efftick,per_stage,kp,kh,kq,flowmin,flowminperc,flowmax,flowmaxperc,flow_points_0,flow_points_1,flow_points_2,flow_points_3,flow_points_4,flow_points_5,flow_points_6,flow_points_7,flow_points_8,flow_points_9,flow_points_10,flow_points_11,flow_points_12,flow_points_13,flow_points_14,flow_points_15,flow_points_16,flow_points_17
1,338,338-550,SD550,Centrilift,DC550 (?),338-550,340,550,700,22.6563,0.0221233,-0.000181857,0.000000498967,-0.000000000666745,0.000000000000298902,0.12247,0.000268233,-0.00000301768,0.0000000110001,-0.0000000000154386,7.29075E-15,2.948108,0.0007040306,-0.00001155138,0.0000000266746,-0.0000000000311845,1.148936E-14,10,0,0,0,0.9928843,-0.003123907,0.000001814223,0.00000005536733,-0.0000000001635621,0,0.9624601,-0.00244438,0.000008876695,-0.000000006211042,-0.0000000000334335,0,1.013124,0.007881823,-0.00004510469,0.0000001980617,0.00000000007624147,0,3.38,5000,0,0.625,94,150,17,286,1,2.948108,OIL DYNAMICS,100,22.6563,0.12247,440,19.6261779714048,0.1348849373568,550,16.859943094375,0.141495251953125,660,12.4111530519552,0.1310979023512,22.6563,0.0221233,-0.000181857,0.000000498967,-0.000000000666745,0.000000000000298902,0.12247,0.000268233,-0.00000301768,0.0000000110001,-0.0000000000154386,7.29075E-15,800,22,22,0.18,40,100,2,2,0.02,10,1,1,1,1,440,5,660,5,850,760,660,600,550,500,440,310,180,0,,,,,,,,
2,338,338-550C,SD550,Centrilift,DC550 (?),338-550C,340,550,700,22.6563,0.0221233,-0.000181857,0.000000498967,-0.000000000666745,0.000000000000298902,0.12247,0.000268233,-0.00000301768,0.0000000110001,-0.0000000000154386,7.29075E-15,24.72941,-0.01950562,-0.000004670413,0.00000001226818,-0.00000000001739079,-6.221723E-15,10,0,0,0,0.9928843,-0.003123907,0.000001814223,0.00000005536733,-0.0000000001635621,0,0.9624601,-0.00244438,0.000008876695,-0.000000006211042,-0.0000000000334335,0,1.013124,0.007881823,-0.00004510469,0.0000001980617,0.00000000007624147,0,3.38,5000,0,0.625,94,150,16,285,1,24.72941,OIL DYNAMICS,100,22.6563,0.12247,440,19.6261779714048,0.1348849373568,550,16.859943094375,0.141495251953125,660,12.4111530519552,0.1310979023512,22.6563,0.0221233,-0.000181857,0.000000498967,-0.000000000666745,0.000000000000298902,0.12247,0.000268233,-0.00000301768,0.0000000110001,-0.0000000000154386,7.29075E-15,800,22,22,0.18,40,100,2,2,0.02,10,1,1,1,1,440,5,660,5,850,760,660,600,550,500,440,310,180,0,,,,,,,,
3,338,338-660,SD500,(?),(?),338-660,440,660,820,26.35972,-0.001385491,-0.00006714438,0.0000001800666,-0.0000000002111101,7.688405E-14,0.1031126,0.00000199007,0.0000004176752,-0.0000000007216133,4.109334E-13,-6.730851E-17,2.948108,0.0007040306,-0.00001155138,0.0000000266746,-0.0000000000311845,1.148936E-14,10,0,0,0,0.9928843,-0.003123907,0.000001814223,0.00000005536733,-0.0000000001635621,0,0.9624601,-0.00244438,0.000008876695,-0.000000006211042,-0.0000000000334335,0,1.013124,0.007881823,-0.00004510469,0.0000001980617,0.00000000007624147,0,3.38,5000,0,0.6875,125,200,10,176,1,2.948108,OIL DYNAMICS,100,26.35972,0.1031126,528,20.1622974281366,0.14356037578373,660,17.5364871402453,0.148448689837522,792,13.4962344474436,0.148900053535046,26.35972,-0.001385491,-0.00006714438,0.0000001800666,-0.0000000002111101,7.688405E-14,0.1031126,0.00000199007,0.0000004176752,-0.0000000007216133,4.109334E-13,-6.730851E-17,1000,26,26,0.2,50,100,2,2,0.02,5,1,1,1,1,528,5,792,5,1060,920,792,730,660,600,528,360,180,0,,,,,,,,
4,338,338-660C,SD500,(?),(?),338-660C,440,660,820,26.35972,-0.001385491,-0.00006714438,0.0000001800666,-0.0000000002111101,7.688405E-14,0.1031126,0.00000199007,0.0000004176752,-0.0000000007216133,4.109334E-13,-6.730851E-17,24.72941,-0.01950562,-0.000004670413,0.00000001226818,-0.00000000001739079,-6.221723E-15,10,0,0,0,0.9928843,-0.003123907,0.000001814223,0.00000005536733,-0.0000000001635621,0,0.9624601,-0.00244438,0.000008876695,-0.000000006211042,-0.0000000000334335,0,1.013124,0.007881823,-0.00004510469,0.0000001980617,0.00000000007624147,0,3.38,5000,0,0.6875,125,200,9,175,1,24.72941,OIL DYNAMICS,100,26.35972,0.1031126,528,20.1622974281366,0.14356037578373,660,17.5364871402453,0.148448689837522,792,13.4962344474436,0.148900053535046,26.35972,-0.001385491,-0.00006714438,0.0000001800666,-0.0000000002111101,7.688405E-14,0.1031126,0.00000199007,0.0000004176752,-0.0000000007216133,4.109334E-13,-6.730851E-17,1000,26,26,0.2,50,100,2,2,0.02,5,1,1,1,1,528,5,792,5,1060,920,792,730,660,600,528,360,180,0,,,,,,,,
5,338,338-950,SD900,(?),(?),338-950,660,950,1200,21.71344,-0.007173283,0.00000419037,-0.000000005981049,8.639426E-15,-3.026608E-18,0.1194124,0.0001547737,-0.0000001031064,3.409982E-13,9.395525E-15,-2.699066E-18,2.722664,-0.0004975159,0.0000003977343,-0.000000000765602,6.498767E-14,2.935986E-18,12,0,0,0,1.002581,-0.002715141,0.00001777814,-0.0000001283844,0.0000000002993408,0,0.9611989,-0.001398988,-0.000002654408,0.00000006024653,-0.0000000001949641,0,1.162899,0.007608513,-0.000036274423,0.000000007238469,0.0000000007230808,0,3.38,5000,0,0.625,94,150,17,286,1,2.722664,OIL DYNAMICS,100,21.71344,0.1194124,760,16.0586805625448,0.180086041939017,950,13.5573231235227,0.179250480346402,1140,10.1292791434849,0.173034390769245,21.71344,-0.007173283,0.00000419037,-0.000000005981049,8.639426E-15,-3.026608E-18,0.1194124,0.0001547737,-0.0000001031064,3.409982E-13,9.395525E-15,-2.699066E-18,1400,20,20,0.21,50,200,2,2,0.03,5,1,1,1,1,760,5,1140,5,1500,1300,1140,1050,950,860,760,510,250,0,,,,,,,,
6,338,338-950C,SD900,(?),(?),338-950C,660,950,1200,21.71344,-0.007173283,0.00000419037,-0.000000005981049,8.639426E-15,-3.026608E-18,0.1194124,0.0001547737,-0.0000001031064,3.409982E-13,9.395525E-15,-2.699066E-18,28.2454,-0.007217126,-0.00001822051,0.00000002384504,-0.00000000001190246,1.2933E-15,12,0,0,0,1.002581,-0.002715141,0.00001777814,-0.0000001283844,0.0000000002993408,0,0.9611989,-0.001398988,-0.000002654408,0.00000006024653,-0.0000000001949641,0,1.162899,0.007608513,-0.000036274423,0.000000007238469,0.0000000007230808,0,3.38,5000,0,0.625,94,150,16,285,1,28.2454,OIL DYNAMICS,100,21.71344,0.1194124,760,16.0586805625448,0.180086041939017,950,13.5573231235227,0.179250480346402,1140,10.1292791434849,0.173034390769245,21.71344,-0.007173283,0.00000419037,-0.000000005981049,8.639426E-15,-3.026608E-18,0.1194124,0.0001547737,-0.0000001031064,3.409982E-13,9.395525E-15,-2.699066E-18,1400,20,20,0.21,50,200,2,2,0.03,5,1,1,1,1,760,5,1140,5,1500,1300,1140,1050,950,860,760,510,250,0,,,,,,,,
7,338,338-1150,SD1200,Centrilift,DC1250 (?),338-1150,750,1150,1450,22.18869,-0.0001800564,-0.00001233471,0.0000000167439,-0.00000000001178053,2.506787E-15,0.1320477,0.0001356538,0.00000002304462,-0.0000000001045641,5.758105E-14,-1.048523E-17,2.922099,-0.001043622,0.000003633048,-0.000000005105884,0.000000000002399388,-3.935394E-16,12,0,0,0,0.9999362,-0.00205046,0.000002482651,0.000000006489826,-0.00000000002486688,0,0.9659757,-0.001703528,0.00000939973,-0.00000005237065,0.0000000001158896,0,1.128533,0.007499857,-0.00004622866,0.0000001981554,-0.0000000002601299,0,3.38,5000,0,0.625,94,150,14,236,1,2.922099,OIL DYNAMICS,100,22.18869,0.1320477,920,17.8339018084292,0.229271389957106,1150,15.5721735291691,0.239117227970972,1380,12.2754724225893,0.244688064389207,22.18869,-0.0001800564,-0.00001233471,0.0000000167439,-0.00000000001178053,2.506787E-15,0.1320477,0.0001356538,0.00000002304462,-0.0000000001045641,5.758105E-14,-1.048523E-17,1800,22,22,0.25,55,200,2,2,0.05,5,1,1,1,1,920,4,1380,4,1900,1650,1380,1260,1150,1040,920,600,300,0,,,,,,,,
8,338,338-1150C,SD1200,Centrilift,DC1250 (?),338-1150C,750,1150,1450,22.18869,-0.0001800564,-0.00001233471,0.0000000167439,-0.00000000001178053,2.506787E-15,0.1320477,0.0001356538,0.00000002304462,-0.0000000001045641,5.758105E-14,-1.048523E-17,28.2454,-0.007217126,-0.00001822051,0.00000002384504,-0.00000000001190246,1.2933E-15,12,0,0,0,0.9999362,-0.00205046,0.000002482651,0.000000006489826,-0.00000000002486688,0,0.9659757,-0.001703528,0.00000939973,-0.00000005237065,0.0000000001158896,0,1.128533,0.007499857,-0.00004622866,0.0000001981554,-0.0000000002601299,0,3.38,5000,0,0.625,94,150,13,235,1,28.2454,OIL DYNAMICS,100,22.18869,0.1320477,920,17.8339018084292,0.229271389957106,1150,15.5721735291691,0.239117227970972,1380,12.2754724225893,0.244688064389207,22.18869,-0.0001800564,-0.00001233471,0.0000000167439,-0.00000000001178053,2.506787E-15,0.1320477,0.0001356538,0.00000002304462,-0.0000000001045641,5.758105E-14,-1.048523E-17,1800,22,22,0.25,55,200,2,2,0.05,5,1,1,1,1,920,4,1380,4,1900,1650,1380,1260,1150,1040,920,600,300,0,,,,,,,,
9,338,338-1450,SD1500,GE / WG,TA1500,338-1450,800,1450,2050,20.7863,-0.00492468,0.000000945505,-0.000000000130207,-0.000000000000321785,5.35321E-17,0.146044,0.000220628,-0.000000224435,0.00000000021105,-8.97421E-14,1.31194E-17,2.922099,-0.001043622,0.000003633048,-0.000000005105884,0.000000000002399388,-3.935394E-16,12,0,0,0,0.9999362,-0.00205046,0.000002482651,0.000000006489826,-0.00000000002486688,0,0.9659757,-0.001703528,0.00000939973,-0.00000005237065,0.0000000001158896,0,1.128533,0.007499857,-0.00004622866,0.0000001981554,-0.0000000002601299,0,3.38,5000,0,0.6875,125,200,14,186,1,2.922099,OIL DYNAMICS,100,20.7863,0.146044,1160,15.6725022557192,0.294464488633661,1450,14.1571598682759,0.324878669871437,1740,12.2982450122985,0.348892695162914,20.7863,-0.00492468,0.000000945505,-0.000000000130207,-0.000000000000321785,5.35321E-17,0.146044,0.000220628,-0.000000224435,0.00000000021105,-8.97421E-14,1.31194E-17,2800,20,18,0.35,45,200,2,2,0.05,5,1,1,1,1,1160,4,1740,4,2800,2400,2000,1740,1600,1450,1320,1160,800,400,0,,,,,,,
10,338,338-1450C,SD1500,GE / WG,TA1500,338-1450C,800,1450,2050,20.7863,-0.00492468,0.000000945505,-0.000000000130207,-0.000000000000321785,5.35321E-17,0.146044,0.000220628,-0.000000224435,0.00000000021105,-8.97421E-14,1.31194E-17,28.2454,-0.007217126,-0.00001822051,0.00000002384504,-0.00000000001190246,1.2933E-15,12,0,0,0,0.9999362,-0.00205046,0.000002482651,0.000000006489826,-0.00000000002486688,0,0.9659757,-0.001703528,0.00000939973,-0.00000005237065,0.0000000001158896,0,1.128533,0.007499857,-0.00004622866,0.0000001981554,-0.0000000002601299,0,3.38,5000,0,0.6875,125,200,13,185,1,28.2454,OIL DYNAMICS,100,20.7863,0.146044,1160,15.6725022557192,0.294464488633661,1450,14.1571598682759,0.324878669871437,1740,12.2982450122985,0.348892695162914,20.7863,-0.00492468,0.000000945505,-0.000000000130207,-0.000000000000321785,5.35321E-17,0.146044,0.000220628,-0.000000224435,0.00000000021105,-8.97421E-14,1.31194E-17,2800,20,18,0.35,45,200,2,2,0.05,5,1,1,1,1,1160,5,1740,5,2800,2400,2000,1740,1600,1450,1320,1160,800,400,0,,,,,,,
11,338,338-1800,SD2000,(?),(?),338-1800,1200,1800,2250,20.22138,0.002239102,-0.00001302085,0.00000000929913,-0.000000000002859521,2.774046E-16,0.255014,-0.00003315857,0.0000001282311,-0.0000000001371553,6.123877E-14,-9.859684E-18,2.784232,-0.00005518911,-0.00000137393,0.000000001263215,-4.501647E-13,5.24507E-17,14,0,0,0,1.003575,-0.001175275,-0.00001249894,0.0000001223488,-0.0000000003043964,0,0.9635602,-0.0010835,-0.000004078318,0.00000006140186,-0.0000000001672314,0,1.090306,0.006479414,-0.00005119678,0.0000002988833,-0.000000000612545,0,3.38,5000,0,0.6875,125,200,7,114,1,2.784232,OIL DYNAMICS,100,20.22138,0.255014,1440,13.6349049862051,0.265889074164185,1800,11.520376662528,0.26746230658688,2160,8.81916749950058,0.268904281968444,20.22138,0.002239102,-0.00001302085,0.00000000929913,-0.000000000002859521,2.774046E-16,0.255014,-0.00003315857,0.0000001282311,-0.0000000001371553,6.123877E-14,-9.859684E-18,2700,20,20,0.4,55,300,2,2,0.05,5,1,1,1,1,1440,4,2160,4,2800,2500,2300,2160,1980,1800,1620,1440,1140,800,400,0,,,,,,
12,338,338-1800C,SD2000,(?),(?),338-1800C,1200,1800,2250,20.22138,0.002239102,-0.00001302085,0.00000000929913,-0.000000000002859521,2.774046E-16,0.255014,-0.00003315857,0.0000001282311,-0.0000000001371553,6.123877E-14,-9.859684E-18,25.31586,-0.005536482,-0.00001001648,0.00000001090944,-0.000000000004100553,4.645703E-16,14,0,0,0,1.003575,-0.001175275,-0.00001249894,0.0000001223488,-0.0000000003043964,0,0.9635602,-0.0010835,-0.000004078318,0.00000006140186,-0.0000000001672314,0,1.090306,0.006479414,-0.00005119678,0.0000002988833,-0.000000000612545,0,3.38,5000,0,0.6875,125,200,6,113,1,25.31586,OIL DYNAMICS,100,20.22138,0.255014,1440,13.6349049862051,0.265889074164185,1800,11.520376662528,0.26746230658688,2160,8.81916749950058,0.268904281968444,20.22138,0.002239102,-0.00001302085,0.00000000929913,-0.000000000002859521,2.774046E-16,0.255014,-0.00003315857,0.0000001282311,-0.0000000001371553,6.123877E-14,-9.859684E-18,2700,20,20,0.4,55,300,2,2,0.05,5,1,1,1,1,1440,4,2160,4,2800,2500,2300,2160,1980,1800,1620,1440,1140,800,400,0,,,,,,
13,400,400-KOMP,(?),Centrilift,FCNPSH,400-KOMP,250,3400,4750,29.01542,-0.00222,-0.00000212208,0.000000000715024,-7.64174E-14,-7.75867E-19,0.69949,-0.0000169808,-0.0000000540686,0.0000000000280139,-4.34252E-15,1.5378E-19,48.8564,0.001176494,-0.00001396492,0.000000008310021,-0.000000000001753947,1.19093E-16,50,0,0,0,0.999736,0.0006458556,-0.0000490249,0.0000004393245,-0.000000001116371,0,0.9862497,-0.001668562,0.00002019121,-0.0000001426345,0.0000000003297334,0,1.091453,0.006537231,-0.0000649944,0.0000004074133,-0.0000000008990882,0,4,5000,0,0.6875,125,200,2,20,2,48.8564,OIL DYNAMICS,100,29.01542,0.69949,2720,17.3675939106137,0.602224577602462,3400,14.4750277702339,0.6073446039552,4080,11.1426941023412,0.603326252933423,29.01542,-0.00222,-0.00000212208,0.000000000715024,-7.64174E-14,-7.75867E-19,0.69949,-0.0000169808,-0.0000000540686,0.0000000000280139,-4.34252E-15,1.5378E-19,5000,27,20,1,60,500,3,2,0.1,5,1,1,1,1,2720,4,4080,4,5250,4800,4400,4080,3740,3400,3060,2720,2200,1700,1200,600,0,,,,,
14,400,400-350,SF320,(?),(?),400-350,240,370,490,24.70855,-0.003656749,0.0000505619,-0.0000003247096,0.0000000003162026,-6.877844E-14,0.07050647,0.00000955138,0.0000008323398,-0.000000003129996,0.00000000000488528,-2.870665E-15,5.296308,0.0002689937,-0.000004562228,-0.000000001833382,-0.00000000001286857,1.083543E-14,10,0,0,0,0.9928843,-0.003123907,0.000001814223,0.00000005536733,-0.0000000001635621,0,0.9624601,-0.00244438,0.000008876695,-0.000000006211042,-0.0000000000334335,0,1.013124,0.007881823,-0.00004510469,0.0000001980617,0.00000000007624147,0,4,5000,0,0.625,94,150,16,261,1,5.296308,OIL DYNAMICS,100,24.70855,0.07050647,296,21.9061224919434,0.0960648511325799,370,19.2791705027973,0.101095797300659,444,15.7329018838526,0.105189312767379,24.70855,-0.003656749,0.0000505619,-0.0000003247096,0.0000000003162026,-6.877844E-14,0.07050647,0.00000955138,0.0000008323398,-0.000000003129996,0.00000000000488528,-2.870665E-15,600,24,20,0.1,50,100,2,2,0.01,5,1,1,1,1,296,4,444,4,700,600,520,444,370,296,200,100,0,,,,,,,,,
15,400,400-350C,SF320,(?),(?),400-350C,240,370,490,24.70855,-0.003656749,0.0000505619,-0.0000003247096,0.0000000003162026,-6.877844E-14,0.07050647,0.00000955138,0.0000008323398,-0.000000003129996,0.00000000000488528,-2.870665E-15,21.94846,-0.02560091,0.00003890942,-0.00000009366781,0.00000000005665506,-6.506814E-15,10,0,0,0,0.9928843,-0.003123907,0.000001814223,0.00000005536733,-0.0000000001635621,0,0.9624601,-0.00244438,0.000008876695,-0.000000006211042,-0.0000000000334335,0,1.013124,0.007881823,-0.00004510469,0.0000001980617,0.00000000007624147,0,4,5000,0,0.625,94,150,15,260,1,21.94846,OIL DYNAMICS,100,24.70855,0.07050647,296,21.9061224919434,0.0960648511325799,370,19.2791705027973,0.101095797300659,444,15.7329018838526,0.105189312767379,24.70855,-0.003656749,0.0000505619,-0.0000003247096,0.0000000003162026,-6.877844E-14,0.07050647,0.00000955138,0.0000008323398,-0.000000003129996,0.00000000000488528,-2.870665E-15,600,24,20,0.1,50,100,2,2,0.01,5,1,1,1,1,296,4,444,4,700,600,520,444,370,296,200,100,0,,,,,,,,,
16,400,400-550,SF500,Borets,400-550,400-550,370,550,700,34.0369,0.00747503,-0.0000358119,0.0000001129,-0.000000000252414,0.000000000000133919,0.134078,0.000141456,0.0000000939355,-0.000000000110247,-4.65636E-14,9.3745E-17,5.296308,0.0002689937,-0.000004562228,-0.000000001833382,-0.00000000001286857,1.083543E-14,10,0,0,0,0.9928843,-0.003123907,0.000001814223,0.00000005536733,-0.0000000001635621,0,0.9624601,-0.00244438,0.000008876695,-0.000000006211042,-0.0000000000334335,0,1.013124,0.007881823,-0.00004510469,0.0000001980617,0.00000000007624147,0,4,5000,0,0.6875,125,200,17,277,1,5.296308,OIL DYNAMICS,100,34.0369,0.134078,440,32.7578255027456,0.204914031064832,550,29.7412796840625,0.222409123075937,660,24.7052770574944,0.239566363849616,34.0369,0.00747503,-0.0000358119,0.0000001129,-0.000000000252414,0.000000000000133919,0.134078,0.000141456,0.0000000939355,-0.000000000110247,-4.65636E-14,9.3745E-17,900,38,20,0.24,55,100,2,2,0.02,5,1,1,1,1,440,4,660,4,1000,880,770,660,550,440,340,220,100,0,,,,,,,,
17,400,400-550C,SF500,Borets,400-550,400-550C,370,550,700,34.0369,0.00747503,-0.0000358119,0.0000001129,-0.000000000252414,0.000000000000133919,0.134078,0.000141456,0.0000000939355,-0.000000000110247,-4.65636E-14,9.3745E-17,21.94846,-0.02560091,0.00003890942,-0.00000009366781,0.00000000005665506,-6.506814E-15,10,0,0,0,0.9928843,-0.003123907,0.000001814223,0.00000005536733,-0.0000000001635621,0,0.9624601,-0.00244438,0.000008876695,-0.000000006211042,-0.0000000000334335,0,1.013124,0.007881823,-0.00004510469,0.0000001980617,0.00000000007624147,0,4,5000,0,0.6875,125,200,16,276,1,21.94846,OIL DYNAMICS,100,34.0369,0.134078,440,32.7578255027456,0.204914031064832,550,29.7412796840625,0.222409123075937,660,24.7052770574944,0.239566363849616,34.0369,0.00747503,-0.0000358119,0.0000001129,-0.000000000252414,0.000000000000133919,0.134078,0.000141456,0.0000000939355,-0.000000000110247,-4.65636E-14,9.3745E-17,900,38,20,0.24,55,100,2,2,0.02,5,1,1,1,1,440,4,660,4,1000,880,770,660,550,440,340,220,100,0,,,,,,,,
18,400,400-1025,SF950,GE-WG,TD1000 (?),400-1025,690,1025,1250,32.73401,0.01550994,-0.00008830623,0.0000001324231,-0.00000000008986248,2.074948E-14,0.1740831,0.0001922395,-0.000000068256,-0.0000000001388156,1.410386E-13,-3.313431E-17,5.778877,0.0002982849,-0.000003165585,0.000000005060866,-0.000000000004871647,1.278573E-15,12,0,0,0,1.002581,-0.002715141,0.00001777814,-0.0000001283844,0.0000000002993408,0,0.9611989,-0.001398988,-0.000002654408,0.00000006024653,-0.0000000001949641,0,1.162899,0.007608513,-0.000036274423,0.000000007238469,0.0000000007230808,0,4,5000,0,0.6875,125,200,7,124,1,5.778877,OIL DYNAMICS,100,32.73401,0.1740831,820,26.1527878949167,0.260768087025196,1025,22.744928807366,0.268119703549489,1230,17.3674346596724,0.278491116239868,32.73401,0.01550994,-0.00008830623,0.0000001324231,-0.00000000008986248,2.074948E-14,0.1740831,0.0001922395,-0.000000068256,-0.0000000001388156,1.410386E-13,-3.313431E-17,1600,34,30,0.35,60,200,2,2,0.05,5,1,1,1,1,820,4,1230,4,1600,1400,1230,1130,1025,920,820,600,400,200,0,,,,,,,
19,400,400-1025C,SF950,GE-WG,TD1000 (?),400-1025C,690,1025,1250,32.73401,0.01550994,-0.00008830623,0.0000001324231,-0.00000000008986248,2.074948E-14,0.1740831,0.0001922395,-0.000000068256,-0.0000000001388156,1.410386E-13,-3.313431E-17,26.28446,-0.02209851,0.0000352079,-0.00000005328026,0.00000000003412714,-8.52557E-15,12,0,0,0,1.002581,-0.002715141,0.00001777814,-0.0000001283844,0.0000000002993408,0,0.9611989,-0.001398988,-0.000002654408,0.00000006024653,-0.0000000001949641,0,1.162899,0.007608513,-0.000036274423,0.000000007238469,0.0000000007230808,0,4,5000,0,0.6875,125,200,6,123,1,26.28446,OIL DYNAMICS,100,32.73401,0.1740831,820,26.1527878949167,0.260768087025196,1025,22.744928807366,0.268119703549489,1230,17.3674346596724,0.278491116239868,32.73401,0.01550994,-0.00008830623,0.0000001324231,-0.00000000008986248,2.074948E-14,0.1740831,0.0001922395,-0.000000068256,-0.0000000001388156,1.410386E-13,-3.313431E-17,1600,34,30,0.35,60,200,2,2,0.05,5,1,1,1,1,820,4,1230,4,1600,1400,1230,1130,1025,920,820,600,400,200,0,,,,,,,
20,400,400-1450,SF1700,Centrilift,400P16,400-1450,950,1450,2000,38.8246,0.000610998,-0.00000199004,-0.000000000937081,0,0,0.272314,0.0000935019,0.0000000716572,-0.0000000000188656,0,0,5.642427,0.0002101875,-0.00000179412,0.000000001258584,-5.518758E-13,7.64157E-17,13,0,0,0,1.007119,-0.001660372,-0.00000603708,0.00000007642498,-0.0000000001936363,0,0.9639086,-0.001152466,-0.000001154036,0.00000002386978,-0.00000000005496053,0,1.128031,0.007287588,-0.00005168151,0.0000002731795,-0.0000000005043086,0,4,5000,0,0.6875,125,200,7,114,1,5.642427,OIL DYNAMICS,100,38.8246,0.272314,1160,35.392873871424,0.4477508927424,1450,32.669679436375,0.5010368782,1740,28.926126218056,0.5525722111456,38.8246,0.000610998,-0.00000199004,-0.000000000937081,0,0,0.272314,0.0000935019,0.0000000716572,-0.0000000000188656,0,0,2500,40,36,0.5,70,500,4,4,0.05,5,1,1,1,1,1160,4,1740,4,2800,2400,2000,1740,1600,1450,1320,1160,800,400,0,,,,,,,
21,400,400-1450C,SF1700,Centrilift,400P16,400-1450C,950,1450,2000,38.8246,0.000610998,-0.00000199004,-0.000000000937081,0,0,0.272314,0.0000935019,0.0000000716572,-0.0000000000188656,0,0,24.83318,-0.02019341,0.00004079035,-0.00000004659785,0.0000000000202743,-3.116406E-15,13,0,0,0,1.007119,-0.001660372,-0.00000603708,0.00000007642498,-0.0000000001936363,0,0.9639086,-0.001152466,-0.000001154036,0.00000002386978,-0.00000000005496053,0,1.128031,0.007287588,-0.00005168151,0.0000002731795,-0.0000000005043086,0,4,5000,0,0.6875,125,200,6,113,1,24.83318,OIL DYNAMICS,100,38.8246,0.272314,1160,35.392873871424,0.4477508927424,1450,32.669679436375,0.5010368782,1740,28.926126218056,0.5525722111456,38.8246,0.000610998,-0.00000199004,-0.000000000937081,0,0,0.272314,0.0000935019,0.0000000716572,-0.0000000000188656,0,0,2500,40,36,0.5,70,500,4,4,0.05,5,1,1,1,1,1160,4,1740,4,2800,2400,2000,1740,1600,1450,1320,1160,800,400,0,,,,,,,
22,400,400-2050,SF1750,Centrilift,400P18,400-2050,1300,2050,2660,29.40024,-0.006667276,0.000004400967,-0.000000002230391,1.919935E-13,8.694021E-18,0.3308842,-0.00004118955,0.0000000950354,-0.00000000001884119,-7.662874E-15,1.660978E-18,5.182158,-0.0008997702,-0.0000007848129,0.0000000008271316,-3.258617E-13,3.729015E-17,14,0,0,0,1.003575,-0.001175275,-0.00001249894,0.0000001223488,-0.0000000003043964,0,0.9635602,-0.0010835,-0.000004078318,0.00000006140186,-0.0000000001672314,0,1.090306,0.006479414,-0.00005119678,0.0000002988833,-0.000000000612545,0,4,5000,0,0.6875,125,200,9,159,1,5.182158,OIL DYNAMICS,100,29.40024,0.3308842,1640,21.9566324695871,0.400105585728945,2050,18.7178567334826,0.408314431214468,2460,14.2423468903405,0.393194971260274,29.40024,-0.006667276,0.000004400967,-0.000000002230391,1.919935E-13,8.694021E-18,0.3308842,-0.00004118955,0.0000000950354,-0.00000000001884119,-7.662874E-15,1.660978E-18,3200,27,30,0.5,70,400,3,3,0.05,5,1,1,1,1,1640,4,2460,4,3200,2900,2680,2460,2260,2050,1850,1640,1240,800,400,0,,,,,,
23,400,400-2050C,SF1750,Centrilift,400P18,400-2050C,1300,2050,2660,29.40024,-0.006667276,0.000004400967,-0.000000002230391,1.919935E-13,8.694021E-18,0.3308842,-0.00004118955,0.0000000950354,-0.00000000001884119,-7.662874E-15,1.660978E-18,25.58285,-0.006267377,-0.00001082747,0.00000001187335,-0.000000000004484508,5.15987E-16,14,0,0,0,1.003575,-0.001175275,-0.00001249894,0.0000001223488,-0.0000000003043964,0,0.9635602,-0.0010835,-0.000004078318,0.00000006140186,-0.0000000001672314,0,1.090306,0.006479414,-0.00005119678,0.0000002988833,-0.000000000612545,0,4,5000,0,0.6875,125,200,8,158,1,25.58285,OIL DYNAMICS,100,29.40024,0.3308842,1640,21.9566324695871,0.400105585728945,2050,18.7178567334826,0.408314431214468,2460,14.2423468903405,0.393194971260274,29.40024,-0.006667276,0.000004400967,-0.000000002230391,1.919935E-13,8.694021E-18,0.3308842,-0.00004118955,0.0000000950354,-0.00000000001884119,-7.662874E-15,1.660978E-18,3200,27,30,0.5,70,400,3,3,0.05,5,1,1,1,1,1640,4,2460,4,3200,2900,2680,2460,2260,2050,1850,1640,1240,800,400,0,,,,,,
24,400,400-2550,SF2250,Centrilift,400G22,400-2550,1650,2550,3200,32.7661,-0.000982251,-0.00000448062,0.00000000226036,-0.000000000000458679,1.73151E-17,0.400076,0.0000856004,-0.0000000261308,0.0000000000143509,-3.05529E-15,1.0634E-19,5.373652,-0.0001037484,-0.0000003675873,0.0000000001803907,-8.252972E-14,7.074931E-18,14,0,0,0,1.003575,-0.001175275,-0.00001249894,0.0000001223488,-0.0000000003043964,0,0.9635602,-0.0010835,-0.000004078318,0.00000006140186,-0.0000000001672314,0,1.090306,0.006479414,-0.00005119678,0.0000002988833,-0.000000000612545,0,4,5000,0,0.6875,125,200,6,124,1,5.373652,OIL DYNAMICS,100,32.7661,0.400076,2040,23.9733869000694,0.538631945835171,2550,21.0788283618782,0.568679449339231,3060,17.0008011439758,0.589177148074947,32.7661,-0.000982251,-0.00000448062,0.00000000226036,-0.000000000000458679,1.73151E-17,0.400076,0.0000856004,-0.0000000261308,0.0000000000143509,-3.05529E-15,1.0634E-19,3600,32,30,0.7,70,600,2,3,0.1,5,1,1,1,1,2040,4,3060,4,3900,3600,3300,3060,2800,2550,2300,2040,1600,1200,800,400,0,,,,,
25,400,400-2550C,SF2250,Centrilift,400G22,400-2550C,1650,2550,3200,32.7661,-0.000982251,-0.00000448062,0.00000000226036,-0.000000000000458679,1.73151E-17,0.400076,0.0000856004,-0.0000000261308,0.0000000000143509,-3.05529E-15,1.0634E-19,26.88786,-0.01270671,0.00001301296,-0.000000009698005,0.000000000002336845,-1.477786E-16,14,0,0,0,1.003575,-0.001175275,-0.00001249894,0.0000001223488,-0.0000000003043964,0,0.9635602,-0.0010835,-0.000004078318,0.00000006140186,-0.0000000001672314,0,1.090306,0.006479414,-0.00005119678,0.0000002988833,-0.000000000612545,0,4,5000,0,0.6875,125,200,6,124,1,26.88786,OIL DYNAMICS,100,32.7661,0.400076,2040,23.9733869000694,0.538631945835171,2550,21.0788283618782,0.568679449339231,3060,17.0008011439758,0.589177148074947,32.7661,-0.000982251,-0.00000448062,0.00000000226036,-0.000000000000458679,1.73151E-17,0.400076,0.0000856004,-0.0000000261308,0.0000000000143509,-3.05529E-15,1.0634E-19,3600,32,30,0.7,70,600,2,3,0.1,5,1,1,1,1,2040,4,3060,4,3900,3600,3300,3060,2800,2550,2300,2040,1600,1200,800,400,0,,,,,
26,400,400-3100,SF3000,Centrilift,400P30,400-3100,2000,3100,3900,31.9913,0.000302693,-0.0000023847,0.000000000394893,4.94237E-15,-8.64889E-18,0.509376,-0.00000423158,0.000000123156,-0.0000000000658046,1.35371E-14,-1.0301E-18,7.745992,-0.0007790203,0.0000005196708,-0.000000000446885,1.114053E-13,-9.795789E-18,15,0,0,0,1.005596,-0.001375497,0.00000448583,-0.00000008030971,0.000000000271112,0,0.9762838,-0.001564996,0.0000120396,-0.00000007147629,0.0000000001478396,0,1.156637,0.005108934,0.00001104199,-0.0000003841442,0.000000001318498,0,4,5000,0,0.875,250,410,6,111,1,7.745992,OIL DYNAMICS,100,31.9913,0.509376,2480,23.4740069504821,0.668061132827832,3100,19.7572731335531,0.674673151859,3720,15.2306540026223,0.668916281672263,31.9913,0.000302693,-0.0000023847,0.000000000394893,4.94237E-15,-8.64889E-18,0.509376,-0.00000423158,0.000000123156,-0.0000000000658046,1.35371E-14,-1.0301E-18,4500,30,30,0.9,70,500,3,3,0.1,5,1,1,1,1,2480,4,3720,4,4900,4500,4100,3720,3400,3100,2800,2480,2000,1500,1000,500,0,,,,,
27,400,400-3100C,SF3000,Centrilift,400P30,400-3100C,2000,3100,3900,31.9913,0.000302693,-0.0000023847,0.000000000394893,4.94237E-15,-8.64889E-18,0.509376,-0.00000423158,0.000000123156,-0.0000000000658046,1.35371E-14,-1.0301E-18,37.67657,-0.003849145,-0.000005642175,0.000000004465657,-0.000000000001413553,1.38192E-16,15,0,0,0,1.005596,-0.001375497,0.00000448583,-0.00000008030971,0.000000000271112,0,0.9762838,-0.001564996,0.0000120396,-0.00000007147629,0.0000000001478396,0,1.156637,0.005108934,0.00001104199,-0.0000003841442,0.000000001318498,0,4,5000,0,0.875,250,410,6,111,1,37.67657,OIL DYNAMICS,100,31.9913,0.509376,2480,23.4740069504821,0.668061132827832,3100,19.7572731335531,0.674673151859,3720,15.2306540026223,0.668916281672263,31.9913,0.000302693,-0.0000023847,0.000000000394893,4.94237E-15,-8.64889E-18,0.509376,-0.00000423158,0.000000123156,-0.0000000000658046,1.35371E-14,-1.0301E-18,4500,30,30,0.9,70,500,3,3,0.1,5,1,1,1,1,2480,4,3720,4,4900,4500,4100,3720,3400,3100,2800,2480,2000,1500,1000,500,0,,,,,
28,400,400-3600,SF3550,Centrilift,400P35,400-3600,2200,3600,4550,34.32971,-0.002180017,-0.0000001975696,-0.0000000001420367,3.217522E-14,-3.720548E-18,0.5384069,0.0001149442,0.00000002320388,-0.00000000001825919,3.547046E-15,-2.89101E-19,4.375029,0.0007112953,-0.000001268797,0.0000000005159723,-8.720211E-14,4.985133E-18,16,0,0,0,1.004168,-0.001203197,0.0000009401127,-0.000000001339544,0.000000000003922227,0,0.9765089,-0.001719293,0.00002228536,-0.0000001678438,0.0000000003886161,0,1.13701,0.003417643,0.00001527943,-0.0000002020598,0.0000000005338105,0,4,5000,0,0.875,250,410,4,73,1,4.375029,OIL DYNAMICS,100,34.32971,0.5384069,2880,24.4959732652089,0.81248045138105,3600,20.4488108385075,0.82198673811584,4320,15.381937705099,0.796325900823893,34.32971,-0.002180017,-0.0000001975696,-0.0000000001420367,3.217522E-14,-3.720548E-18,0.5384069,0.0001149442,0.00000002320388,-0.00000000001825919,3.547046E-15,-2.89101E-19,5400,33,30,1.2,65,600,3,3,0.1,5,1,1,1,1,2880,4,4320,4,5600,5200,4700,4320,4080,3840,3600,3360,3120,2880,2400,1800,1200,600,0,,,
29,400,400-3600C,SF3550,Centrilift,400P35,400-3600C,2200,3600,4550,34.32971,-0.002180017,-0.0000001975696,-0.0000000001420367,3.217522E-14,-3.720548E-18,0.5384069,0.0001149442,0.00000002320388,-0.00000000001825919,3.547046E-15,-2.89101E-19,50.65878,-0.009024088,0.0000005497705,0.000000001345655,-3.290845E-13,1.914547E-18,16,0,0,0,1.004168,-0.001203197,0.0000009401127,-0.000000001339544,0.000000000003922227,0,0.9765089,-0.001719293,0.00002228536,-0.0000001678438,0.0000000003886161,0,1.13701,0.003417643,0.00001527943,-0.0000002020598,0.0000000005338105,0,4,5000,0,0.875,250,410,4,73,1,50.65878,OIL DYNAMICS,100,34.32971,0.5384069,2880,24.4959732652089,0.81248045138105,3600,20.4488108385075,0.82198673811584,4320,15.381937705099,0.796325900823893,34.32971,-0.002180017,-0.0000001975696,-0.0000000001420367,3.217522E-14,-3.720548E-18,0.5384069,0.0001149442,0.00000002320388,-0.00000000001825919,3.547046E-15,-2.89101E-19,5400,33,30,1.2,65,600,3,3,0.1,5,1,1,1,1,2880,4,4320,4,5600,5200,4700,4320,4080,3840,3600,3360,3120,2880,2400,1800,1200,600,0,,,
30,400,400-4700,SF4300,Centrilift,FC4300 (?),400-4700,3200,4700,5600,34.04768,-0.005821252,0.000002043504,-0.0000000001871413,-2.523112E-14,1.786395E-18,0.796325,0.0001609218,-0.00000006387129,0.00000000002395368,-3.346459E-15,1.132141E-19,7.306283,-0.0009974628,0.000000194531,0.00000000006824701,-2.606245E-14,1.654764E-18,18,0,0,0,0.999736,0.0006458556,-0.0000490249,0.0000004393245,-0.000000001116371,0,0.9862497,-0.001668562,0.00002019121,-0.0000001426345,0.0000000003297334,0,1.091453,0.006537231,-0.0000649944,0.0000004074133,-0.0000000008990882,0,4,5000,0,0.875,250,410,4,67,1,7.306283,OIL DYNAMICS,100,34.04768,0.796325,3760,27.4015939775861,1.1879388327365,4700,24.1842538206256,1.25536922815209,5640,17.3091056096422,1.22961889903073,34.04768,-0.005821252,0.000002043504,-0.0000000001871413,-2.523112E-14,1.786395E-18,0.796325,0.0001609218,-0.00000006387129,0.00000000002395368,-3.346459E-15,1.132141E-19,6000,33,33,1.7,65,1000,3,3,0.1,5,1,1,1,1,3760,4,5640,4,6600,6100,5600,5300,5000,4700,4400,4080,3760,3200,2400,1600,800,0,,,,
31,400,400-4700C,SF4300,Centrilift,FC4300 (?),400-4700C,3200,4700,5600,34.04768,-0.005821252,0.000002043504,-0.0000000001871413,-2.523112E-14,1.786395E-18,0.796325,0.0001609218,-0.00000006387129,0.00000000002395368,-3.346459E-15,1.132141E-19,48.8564,0.001176494,-0.00001396492,0.000000008310021,-0.000000000001753947,1.19093E-16,18,0,0,0,0.999736,0.0006458556,-0.0000490249,0.0000004393245,-0.000000001116371,0,0.9862497,-0.001668562,0.00002019121,-0.0000001426345,0.0000000003297334,0,1.091453,0.006537231,-0.0000649944,0.0000004074133,-0.0000000008990882,0,4,5000,0,0.875,250,410,3,67,1,48.8564,OIL DYNAMICS,100,34.04768,0.796325,3760,27.4015939775861,1.1879388327365,4700,24.1842538206256,1.25536922815209,5640,17.3091056096422,1.22961889903073,34.04768,-0.005821252,0.000002043504,-0.0000000001871413,-2.523112E-14,1.786395E-18,0.796325,0.0001609218,-0.00000006387129,0.00000000002395368,-3.346459E-15,1.132141E-19,6000,33,33,1.7,65,1000,3,3,0.1,5,1,1,1,1,3760,4,5640,4,6600,6100,5600,5300,5000,4700,4400,4080,3760,3200,2400,1600,800,0,,,,
32,400,400-5600,SF5800,GE-WG,TD6300 (?),400-5600,3800,5600,6900,33.033,-0.00347143,0.000000700925,-0.0000000000299701,-4.8333E-15,-1.78045E-19,0.801609,0.0000113309,0.0000000713716,-0.0000000000167431,1.98885E-15,-1.09754E-19,7.306283,-0.0009974628,0.000000194531,0.00000000006824701,-2.606245E-14,1.654764E-18,20,0,0,0,0.999736,0.0006458556,-0.0000490249,0.0000004393245,-0.000000001116371,0,0.9862497,-0.001668562,0.00002019121,-0.0000001426345,0.0000000003297334,0,1.091453,0.006537231,-0.0000649944,0.0000004074133,-0.0000000008990882,0,4,5000,0,0.875,250,410,4,67,1,7.306283,OIL DYNAMICS,100,33.033,0.801609,4480,26.5858041508277,1.38244982522733,5600,24.5769135761408,1.51440274992896,6720,19.9664016241055,1.57160310130593,33.033,-0.00347143,0.000000700925,-0.0000000000299701,-4.8333E-15,-1.78045E-19,0.801609,0.0000113309,0.0000000713716,-0.0000000000167431,1.98885E-15,-1.09754E-19,8000,33,33,1.6,65,1000,3,3,0.2,5,1,1,1,1,4480,4,6720,4,8500,7600,6720,6320,5980,5600,5160,4820,4000,3000,2000,1000,0,,,,,
33,400,400-5600C,SF5800,GE-WG,TD6300 (?),400-5600C,3800,5600,6900,33.033,-0.00347143,0.000000700925,-0.0000000000299701,-4.8333E-15,-1.78045E-19,0.801609,0.0000113309,0.0000000713716,-0.0000000000167431,1.98885E-15,-1.09754E-19,48.8564,0.001176494,-0.00001396492,0.000000008310021,-0.000000000001753947,1.19093E-16,20,0,0,0,0.999736,0.0006458556,-0.0000490249,0.0000004393245,-0.000000001116371,0,0.9862497,-0.001668562,0.00002019121,-0.0000001426345,0.0000000003297334,0,1.091453,0.006537231,-0.0000649944,0.0000004074133,-0.0000000008990882,0,4,5000,0,0.875,250,410,3,67,1,48.8564,OIL DYNAMICS,100,33.033,0.801609,4480,26.5858041508277,1.38244982522733,5600,24.5769135761408,1.51440274992896,6720,19.9664016241055,1.57160310130593,33.033,-0.00347143,0.000000700925,-0.0000000000299701,-4.8333E-15,-1.78045E-19,0.801609,0.0000113309,0.0000000713716,-0.0000000000167431,1.98885E-15,-1.09754E-19,8000,33,33,1.6,65,1000,3,3,0.2,5,1,1,1,1,4480,4,6720,4,8500,7600,6720,6320,5980,5600,5160,4820,4000,3000,2000,1000,0,,,,,
34,538,538-KOMP,(?),Centrilift,GCNPSH,538-KOMP,500,7600,11000,54.3,-0.004555082,0.000001031675,-0.0000000002942126,3.210864E-14,-1.221063E-18,2.8245,-0.0002561385,0.0000001107864,-0.0000000000241895,2.361066E-15,-8.51146E-20,50.2568,-0.001757864,-0.0000007153614,0.00000000007165941,5.745569E-15,-6.741496E-19,80,0,0,0,1.001133,0.00004078165,-0.00001527542,0.0000001294022,-0.0000000003552241,0,0.9959552,-0.001611424,0.00001783637,-0.0000001138871,0.0000000002563609,0,1.005867,0.009422531,-0.0001335432,0.0000009566384,-0.000000002355427,0,5.38,5000,0,0.875,250,410,2,20,2,50.2568,OIL DYNAMICS,100,54.3,2.8245,6080,32.3482877616154,2.44508851092148,7600,26.2797021605171,2.3771875742807,9120,20.479145208933,2.31791145335056,54.3,-0.004555082,0.000001031675,-0.0000000002942126,3.210864E-14,-1.221063E-18,2.8245,-0.0002561385,0.0000001107864,-0.0000000000241895,2.361066E-15,-8.51146E-20,12000,50,40,1.4,60,1000,5,4,0.2,5,1,1,1,1,6080,4,9120,4,11900,10900,9900,9120,8600,8100,7600,7100,6600,6080,5000,4000,3000,2000,0,,,
35,538,538-1900,SJ1600,Centrilift,538P17 (?),538-1900,1250,1900,2550,74.5889,-0.004108552,0.00001383181,-0.00000002471629,0.00000000001236365,-2.114028E-15,0.9492344,0.00009775494,-0.00000009536644,0.0000000001596616,-6.553908E-14,7.817336E-18,16.58864,-0.001654725,0.000001052962,-0.0000000007228601,1.068398E-13,-1.177E-17,30,0,0,0,0.9975158,0.0000797891,-0.00003449174,0.0000002806238,-0.0000000006676908,0,0.975215,-0.001712086,0.00001960921,-0.0000001475402,0.0000000003557925,0,1.081242,0.005780717,-0.00002041747,-0.00000004341911,0.0000000003274703,0,5.38,5000,0,0.875,250,410,15,227,1,16.58864,OIL DYNAMICS,100,74.5889,0.9492344,1520,62.3460233534255,1.15177133066501,1900,55.96534918728,1.22526798605464,2280,48.033739003203,1.27929353225581,74.5889,-0.004108552,0.00001383181,-0.00000002471629,0.00000000001236365,-2.114028E-15,0.9492344,0.00009775494,-0.00000009536644,0.0000000001596616,-6.553908E-14,7.817336E-18,2800,76,70,1.2,65,400,4,4,0.2,5,1,1,1,1,1520,4,2280,4,3000,2700,2400,2280,2090,1900,1710,1520,1200,900,600,300,0,,,,,
36,538,538-1900C,SJ1600,Centrilift,538P17 (?),538-1900C,1250,1900,2550,74.5889,-0.004108552,0.00001383181,-0.00000002471629,0.00000000001236365,-2.114028E-15,0.9492344,0.00009775494,-0.00000009536644,0.0000000001596616,-6.553908E-14,7.817336E-18,73.95702,-0.01427462,-0.00001489152,0.000000009159229,-0.000000000002181072,1.314255E-16,30,0,0,0,0.9975158,0.0000797891,-0.00003449174,0.0000002806238,-0.0000000006676908,0,0.975215,-0.001712086,0.00001960921,-0.0000001475402,0.0000000003557925,0,1.081242,0.005780717,-0.00002041747,-0.00000004341911,0.0000000003274703,0,5.38,5000,0,0.875,250,410,14,226,1,73.95702,OIL DYNAMICS,100,74.5889,0.9492344,1520,62.3460233534255,1.15177133066501,1900,55.96534918728,1.22526798605464,2280,48.033739003203,1.27929353225581,74.5889,-0.004108552,0.00001383181,-0.00000002471629,0.00000000001236365,-2.114028E-15,0.9492344,0.00009775494,-0.00000009536644,0.0000000001596616,-6.553908E-14,7.817336E-18,2800,76,70,1.2,65,400,4,4,0.2,5,1,1,1,1,1520,4,2280,4,3000,2700,2400,2280,2090,1900,1710,1520,1200,900,600,300,0,,,,,
37,538,538-2400,SJ2000,ODI,K20,538-2400,1650,2400,2880,60.52639,0.000001479474,-0.00001309749,0.00000001427321,-0.000000000006066496,7.63181E-16,0.7332884,0.0001773169,-0.0000002196415,0.000000000423257,-0.00000000000020824,2.912652E-17,14.05566,-0.00024509,-0.0000004944052,0.0000000002300929,-6.353958E-14,4.84676E-27,33,0,0,0,0.9958035,0.0003205374,-0.00003247014,0.0000002578104,-0.0000000006105551,0,0.9761308,-0.001644248,0.00001908437,-0.0000001262041,0.0000000002585492,0,1.0617,0.003028515,0.00003117233,-0.0000003596074,0.0000000009006281,0,5.38,5000,0,0.875,250,410,14,206,1,14.05566,OIL DYNAMICS,100,60.52639,0.7332884,1920,50.7427675161659,1.18989623503681,2400,41.89870915744,1.1551505358848,2880,26.7075841477624,0.977573025233987,60.52639,0.000001479474,-0.00001309749,0.00000001427321,-0.000000000006066496,7.63181E-16,0.7332884,0.0001773169,-0.0000002196415,0.000000000423257,-0.00000000000020824,2.912652E-17,3300,60,50,1.6,60,300,4,5,0.2,5,1,1,1,1,1920,4,2880,4,3500,3200,2880,2640,2400,2160,1920,1600,1200,800,400,0,,,,,,
38,538,538-2400C,SJ2000,ODI,K20,538-2400C,1650,2400,2880,60.52639,0.000001479474,-0.00001309749,0.00000001427321,-0.000000000006066496,7.63181E-16,0.7332884,0.0001773169,-0.0000002196415,0.000000000423257,-0.00000000000020824,2.912652E-17,43.96605,-0.003668292,-0.000006186126,0.0000000048943,-0.000000000001543534,1.417591E-16,33,0,0,0,0.9958035,0.0003205374,-0.00003247014,0.0000002578104,-0.0000000006105551,0,0.9761308,-0.001644248,0.00001908437,-0.0000001262041,0.0000000002585492,0,1.0617,0.003028515,0.00003117233,-0.0000003596074,0.0000000009006281,0,5.38,5000,0,0.875,250,410,13,205,1,43.96605,OIL DYNAMICS,100,60.52639,0.7332884,1920,50.7427675161659,1.18989623503681,2400,41.89870915744,1.1551505358848,2880,26.7075841477624,0.977573025233987,60.52639,0.000001479474,-0.00001309749,0.00000001427321,-0.000000000006066496,7.63181E-16,0.7332884,0.0001773169,-0.0000002196415,0.000000000423257,-0.00000000000020824,2.912652E-17,3300,60,50,1.6,60,300,4,5,0.2,5,1,1,1,1,1920,4,2880,4,3500,3200,2880,2640,2400,2160,1920,1600,1200,800,400,0,,,,,,
39,538,538-3000,SJ2800,ODI,K28,538-3000,2150,3000,3870,57.53971,0.005557769,0.0000003438722,-0.0000000017586,3.536153E-13,-2.659357E-17,1.112031,0.0003197769,-0.00000003046845,-0.00000000002223221,8.587026E-15,-8.175305E-19,17.39768,-0.001116894,0.0000004026504,-0.0000000002027127,-2.402392E-15,2.358634E-18,36,0,0,0,0.9958035,0.0003205374,-0.00003247014,0.0000002578104,-0.0000000006105551,0,0.9761308,-0.001644248,0.00001908437,-0.0000001262041,0.0000000002585492,0,1.0617,0.003028515,0.00003117233,-0.0000003596074,0.0000000009006281,0,5.38,5000,0,0.875,250,410,11,163,1,17.39768,OIL DYNAMICS,100,57.53971,1.112031,2400,58.1627340620032,1.61645925097728,3000,52.00626859,1.6937651745,3600,43.2686972435968,1.77905193345792,57.53971,0.005557769,0.0000003438722,-0.0000000017586,3.536153E-13,-2.659357E-17,1.112031,0.0003197769,-0.00000003046845,-0.00000000002223221,8.587026E-15,-8.175305E-19,5000,65,60,1.8,65,500,5,5,0.2,5,1,1,1,1,2400,4,3600,4,5000,4500,4000,3600,3300,3000,2700,2400,2000,1500,1000,500,0,,,,,
40,538,538-3000C,SJ2800,ODI,K28,538-3000C,2150,3000,3870,57.53971,0.005557769,0.0000003438722,-0.0000000017586,3.536153E-13,-2.659357E-17,1.112031,0.0003197769,-0.00000003046845,-0.00000000002223221,8.587026E-15,-8.175305E-19,77.49109,-0.02554076,0.00002092673,-0.000000008760782,0.000000000001352049,-7.420437E-17,36,0,0,0,0.9958035,0.0003205374,-0.00003247014,0.0000002578104,-0.0000000006105551,0,0.9761308,-0.001644248,0.00001908437,-0.0000001262041,0.0000000002585492,0,1.0617,0.003028515,0.00003117233,-0.0000003596074,0.0000000009006281,0,5.38,5000,0,0.875,250,410,10,163,1,77.49109,OIL DYNAMICS,100,57.53971,1.112031,2400,58.1627340620032,1.61645925097728,3000,52.00626859,1.6937651745,3600,43.2686972435968,1.77905193345792,57.53971,0.005557769,0.0000003438722,-0.0000000017586,3.536153E-13,-2.659357E-17,1.112031,0.0003197769,-0.00000003046845,-0.00000000002223221,8.587026E-15,-8.175305E-19,5000,65,60,1.8,65,500,5,5,0.2,5,1,1,1,1,2400,4,3600,4,5000,4500,4000,3600,3300,3000,2700,2400,2000,1500,1000,500,0,,,,,
41,538,538-3650,SJ3300,Centrilift,538P47 (?),538-3650,2100,3650,5000,73.3431,0.00622372,-0.00000510755,0.00000000130791,-0.000000000000199506,9.49867E-18,0.908893,0.000546158,-0.0000000612475,0.0000000000192337,-3.64367E-15,1.80977E-19,16.07586,-0.001703999,0.000001639781,-0.0000000005755813,5.256548E-14,-1.082598E-18,36,0,0,0,0.9984049,0.0004389559,-0.00004025206,0.0000003267283,-0.0000000007795579,0,0.98622,-0.001662484,0.0000199145,-0.0000001385269,0.0000000003119373,0,1.059315,0.005257451,-0.0000195493,0.00000002476283,0.00000000001992479,0,5.38,5000,0,0.875,250,410,8,114,1,16.07586,OIL DYNAMICS,100,73.3431,0.908893,2920,68.0429143154822,2.23384207701244,3650,62.3576941741754,2.49221125973655,4380,54.4039660325634,2.69294947322858,73.3431,0.00622372,-0.00000510755,0.00000000130791,-0.000000000000199506,9.49867E-18,0.908893,0.000546158,-0.0000000612475,0.0000000000192337,-3.64367E-15,1.80977E-19,6500,80,60,2.4,70,500,5,5,0.2,5,1,1,1,1,2920,4,4380,4,6800,6000,5200,4380,4010,3650,3280,2920,2500,1900,1300,700,0,,,,,
42,538,538-3650C,SJ3300,Centrilift,538P47 (?),538-3650C,2100,3650,5000,73.3431,0.00622372,-0.00000510755,0.00000000130791,-0.000000000000199506,9.49867E-18,0.908893,0.000546158,-0.0000000612475,0.0000000000192337,-3.64367E-15,1.80977E-19,19.06215,-0.001350828,-0.000003005218,0.000000002635318,-6.449186E-13,4.554722E-17,36,0,0,0,0.9984049,0.0004389559,-0.00004025206,0.0000003267283,-0.0000000007795579,0,0.98622,-0.001662484,0.0000199145,-0.0000001385269,0.0000000003119373,0,1.059315,0.005257451,-0.0000195493,0.00000002476283,0.00000000001992479,0,5.38,5000,0,0.875,250,410,7,114,1,19.06215,OIL DYNAMICS,100,73.3431,0.908893,2920,68.0429143154822,2.23384207701244,3650,62.3576941741754,2.49221125973655,4380,54.4039660325634,2.69294947322858,73.3431,0.00622372,-0.00000510755,0.00000000130791,-0.000000000000199506,9.49867E-18,0.908893,0.000546158,-0.0000000612475,0.0000000000192337,-3.64367E-15,1.80977E-19,6500,80,60,2.4,70,500,5,5,0.2,5,1,1,1,1,2920,4,4380,4,6800,6000,5200,4380,4010,3650,3280,2920,2500,1900,1300,700,0,,,,,
43,538,538-5450,SJ5500,GE-WG,TE5500,538-5450,3500,5450,7100,74.0005,-0.00944167,0.0000019164,-0.000000000253431,7.2064E-15,0,1.84231,-0.0000359203,0.0000000740886,-0.00000000000997036,3.2827E-16,0,15.32051,-0.0003509785,0.00000009539922,-0.0000000001565277,3.424102E-14,-2.208349E-18,35,0,0,0,0.9980248,0.0006058594,-0.00003539202,0.0000003237132,-0.0000000009416968,0,0.9973455,-0.002071077,0.00003035366,-0.0000002099743,0.000000000460191,0,1.13502,0.003750247,0.000003931283,-0.0000002114071,0.0000000008771677,0,5.38,5000,0,1,376,600,6,90,1,15.32051,OIL DYNAMICS,100,74.0005,1.84231,4360,50.8641245509258,2.3863554539212,5450,44.797971259065,2.52278527339169,6540,36.511624169954,2.58784799229361,74.0005,-0.00944167,0.0000019164,-0.000000000253431,7.2064E-15,0,1.84231,-0.0000359203,0.0000000740886,-0.00000000000997036,3.2827E-16,0,9000,70,70,3,70,1000,5,5,0.5,5,1,1,1,1,4360,4,6540,4,8600,7900,7200,6540,6000,5450,4900,4360,3600,2700,1800,900,0,,,,,
44,538,538-5450C,SJ5500,GE-WG,TE5500,538-5450C,3500,5450,7100,74.0005,-0.00944167,0.0000019164,-0.000000000253431,7.2064E-15,0,1.84231,-0.0000359203,0.0000000740886,-0.00000000000997036,3.2827E-16,0,73.44553,-0.00977489,-0.000001752139,0.0000000007969599,-1.109498E-13,4.800948E-18,35,0,0,0,0.9980248,0.0006058594,-0.00003539202,0.0000003237132,-0.0000000009416968,0,0.9973455,-0.002071077,0.00003035366,-0.0000002099743,0.000000000460191,0,1.13502,0.003750247,0.000003931283,-0.0000002114071,0.0000000008771677,0,5.38,5000,0,1,376,600,5,89,1,73.44553,OIL DYNAMICS,100,74.0005,1.84231,4360,50.8641245509258,2.3863554539212,5450,44.797971259065,2.52278527339169,6540,36.511624169954,2.58784799229361,74.0005,-0.00944167,0.0000019164,-0.000000000253431,7.2064E-15,0,1.84231,-0.0000359203,0.0000000740886,-0.00000000000997036,3.2827E-16,0,9000,70,70,3,70,1000,5,5,0.5,5,1,1,1,1,4360,4,6540,4,8600,7900,7200,6540,6000,5450,4900,4360,3600,2700,1800,900,0,,,,,
45,538,538-7350,SJ6200,Centrilift,538P75 (?),538-7350,4800,7350,8900,77.112,-0.00334123,0.00000034908,-0.0000000000615886,4.84658E-16,-8.1975E-20,2.64488,0.000221277,-0.0000000917071,0.0000000000375763,-5.52501E-15,2.5E-19,16.59784,0.001382051,-0.000001283863,0.0000000002847302,-2.66777E-14,8.574892E-19,40,0,0,0,1.000735,0.0001226627,-0.00001902014,0.0000001851751,-0.0000000005973271,0,0.9952415,-0.00146687,0.00001143876,-0.00000002444892,-0.00000000008166893,0,1.05247,0.004544951,-0.00002412244,0.0000000446192,0.0000000001544006,0,5.38,5000,0,1,376,600,4,72,1,16.59784,OIL DYNAMICS,100,77.112,2.64488,5880,57.0171542722438,3.56712270109745,7350,46.6134721330618,3.47552511476056,8820,31.0979176747829,3.15305226508022,77.112,-0.00334123,0.00000034908,-0.0000000000615886,4.84658E-16,-8.1975E-20,2.64488,0.000221277,-0.0000000917071,0.0000000000375763,-5.52501E-15,2.5E-19,10000,75,80,5,70,1000,5,5,1,5,1,1,1,1,5880,4,8820,4,10500,9650,8820,8320,7840,7350,6860,6370,5880,5000,4000,3000,2000,1000,0,,,
46,538,538-7350C,SJ6200,Centrilift,538P75 (?),538-7350C,4800,7350,8900,77.112,-0.00334123,0.00000034908,-0.0000000000615886,4.84658E-16,-8.1975E-20,2.64488,0.000221277,-0.0000000917071,0.0000000000375763,-5.52501E-15,2.5E-19,98.17888,-0.01999255,0.000005009075,-0.0000000007220733,2.657905E-14,4.703547E-19,40,0,0,0,1.000735,0.0001226627,-0.00001902014,0.0000001851751,-0.0000000005973271,0,0.9952415,-0.00146687,0.00001143876,-0.00000002444892,-0.00000000008166893,0,1.05247,0.004544951,-0.00002412244,0.0000000446192,0.0000000001544006,0,5.38,5000,0,1,376,600,4,71,1,98.17888,OIL DYNAMICS,100,77.112,2.64488,5880,57.0171542722438,3.56712270109745,7350,46.6134721330618,3.47552511476056,8820,31.0979176747829,3.15305226508022,77.112,-0.00334123,0.00000034908,-0.0000000000615886,4.84658E-16,-8.1975E-20,2.64488,0.000221277,-0.0000000917071,0.0000000000375763,-5.52501E-15,2.5E-19,10000,75,80,5,70,1000,5,5,1,5,1,1,1,1,5880,4,8820,4,10500,9650,8820,8320,7840,7350,6860,6370,5880,5000,4000,3000,2000,1000,0,,,
47,538,538-8150,SJ7500,GE-WG,TE7000 (?),538-8150,5700,8150,10000,75.5193,-0.00274523,0.000000188144,-0.0000000000600155,2.20234E-15,0,3.15614,0.000240957,-0.0000000221602,-0.00000000000104423,9.72586E-17,0,16.59784,0.001382051,-0.000001283863,0.0000000002847302,-2.66777E-14,8.574892E-19,40,0,0,0,1.000735,0.0001226627,-0.00001902014,0.0000001851751,-0.0000000005973271,0,0.9952415,-0.00146687,0.00001143876,-0.00000002444892,-0.00000000008166893,0,1.05247,0.004544951,-0.00002412244,0.0000000446192,0.0000000001544006,0,5.38,5000,0,1,376,600,4,72,1,16.59784,OIL DYNAMICS,100,75.5193,3.15614,6520,52.9640362483411,3.67147306714405,8150,42.8702876909421,3.51181660801372,9780,30.6740066007048,3.30607748851623,75.5193,-0.00274523,0.000000188144,-0.0000000000600155,2.20234E-15,0,3.15614,0.000240957,-0.0000000221602,-0.00000000000104423,9.72586E-17,0,12000,75,80,5,70,2000,5,5,1,5,1,1,1,1,6520,4,9780,4,13000,11900,10800,9780,9240,8690,8150,7600,7060,6520,4800,3600,2400,1200,0,,,
48,538,538-8150C,SJ7500,GE-WG,TE7000 (?),538-8150C,5700,8150,10000,75.5193,-0.00274523,0.000000188144,-0.0000000000600155,2.20234E-15,0,3.15614,0.000240957,-0.0000000221602,-0.00000000000104423,9.72586E-17,0,98.17888,-0.01999255,0.000005009075,-0.0000000007220733,2.657905E-14,4.703547E-19,40,0,0,0,1.000735,0.0001226627,-0.00001902014,0.0000001851751,-0.0000000005973271,0,0.9952415,-0.00146687,0.00001143876,-0.00000002444892,-0.00000000008166893,0,1.05247,0.004544951,-0.00002412244,0.0000000446192,0.0000000001544006,0,5.38,5000,0,1,376,600,4,71,1,98.17888,OIL DYNAMICS,100,75.5193,3.15614,6520,52.9640362483411,3.67147306714405,8150,42.8702876909421,3.51181660801372,9780,30.6740066007048,3.30607748851623,75.5193,-0.00274523,0.000000188144,-0.0000000000600155,2.20234E-15,0,3.15614,0.000240957,-0.0000000221602,-0.00000000000104423,9.72586E-17,0,12000,75,80,5,70,2000,5,5,1,5,1,1,1,1,6520,4,9780,4,13000,11900,10800,9780,9240,8690,8150,7600,7060,6520,4800,3600,2400,1200,0,,,
49,538,538-9350,SJ10000,Centrilift,538P100,538-9350,6200,9350,12250,73.4986,-0.000335916,-0.0000000868704,-0.0000000000461581,4.21605E-15,-1.23977E-19,3.31415,0.000335104,-0.0000000522975,0.00000000000487956,-2.22251E-16,3.00606E-21,20.31579,-0.001788333,0.0000004372445,-0.00000000004696897,1.663689E-15,-1.892488E-20,42,0,0,0,1.001133,0.00004078165,-0.00001527542,0.0000001294022,-0.0000000003552241,0,0.9959552,-0.001611424,0.00001783637,-0.0000001138871,0.0000000002563609,0,1.005867,0.009422531,-0.0001335432,0.0000009566384,-0.000000002355427,0,5.38,5000,0,0.875,250,410,4,66,1,20.31579,OIL DYNAMICS,100,73.4986,3.31415,7480,57.1030430788054,4.31144571492146,9350,48.3963922738301,4.3801627011345,11220,38.3675464777757,4.39489815968382,73.4986,-0.000335916,-0.0000000868704,-0.0000000000461581,4.21605E-15,-1.23977E-19,3.31415,0.000335104,-0.0000000522975,0.00000000000487956,-2.22251E-16,3.00606E-21,14000,75,70,5,75,2000,5,5,1,5,1,1,1,1,7480,4,11220,4,15000,13700,12400,11220,10600,9970,9350,8730,8100,7480,6400,4800,3200,1600,0,,,
50,538,538-9350C,SJ10000,Centrilift,538P100,538-9350C,6200,9350,12250,73.4986,-0.000335916,-0.0000000868704,-0.0000000000461581,4.21605E-15,-1.23977E-19,3.31415,0.000335104,-0.0000000522975,0.00000000000487956,-2.22251E-16,3.00606E-21,50.2568,-0.001757864,-0.0000007153614,0.00000000007165941,5.745569E-15,-6.741496E-19,42,0,0,0,1.001133,0.00004078165,-0.00001527542,0.0000001294022,-0.0000000003552241,0,0.9959552,-0.001611424,0.00001783637,-0.0000001138871,0.0000000002563609,0,1.005867,0.009422531,-0.0001335432,0.0000009566384,-0.000000002355427,0,5.38,5000,0,0.875,250,410,3,66,1,50.2568,OIL DYNAMICS,100,73.4986,3.31415,7480,57.1030430788054,4.31144571492146,9350,48.3963922738301,4.3801627011345,11220,38.3675464777757,4.39489815968382,73.4986,-0.000335916,-0.0000000868704,-0.0000000000461581,4.21605E-15,-1.23977E-19,3.31415,0.000335104,-0.0000000522975,0.00000000000487956,-2.22251E-16,3.00606E-21,14000,75,70,5,75,2000,5,5,1,5,1,1,1,1,7480,4,11220,4,15000,13700,12400,11220,10600,9970,9350,8730,8100,7480,6400,4800,3200,1600,0,,,
51,562,562-11000,SK11000,Centrilift,KC11000,562-11000,7000,11000,14000,67.6185,-0.000585618,-0.000000000621141,-0.00000000000779972,-5.36795E-17,0,3.55269,-0.0000776967,0.0000000851564,-0.00000000000788403,2.16468E-16,0,124.49,-0.00406206,-0.000000146416,0.000000000122684,-1.53879E-14,4.35067E-19,39,0,0,0,1.026046,-0.006739162,0.00005791378,-0.0000002506896,0.0000000003942198,0,1.017095,-0.00444308,0.00004311631,-0.0000001977588,0.0000000003180871,0,0.9999176,-0.00007453559,0.00002473916,-0.0000002417643,0.0000000006690856,0,5.62,4500,0,1-3/16,637,1019,2,50,1,124.49,OIL DYNAMICS,100,67.6185,3.55269,8800,56.7797561823488,5.3888735157248,11000,49.9341950595,5.677614758,13200,40.2113214374208,5.8036050288768,67.6185,-0.000585618,-0.000000000621141,-0.00000000000779972,-5.36795E-17,0,3.55269,-0.0000776967,0.0000000851564,-0.00000000000788403,2.16468E-16,0,17500,65,80,6,70,2500,5,5,1,5,1,1,1,1,8800,4,13200,4,18000,16500,15000,13200,12500,11700,11000,10300,9500,8800,6600,4400,2200,0,,,,
52,562,562-15500,SK15500,Centrilift,KC15500,562-15500,10500,15500,20000,65.9716,-0.00637872,0.00000137397,-0.000000000120627,4.55105E-15,-6.74235E-20,5.11102,0.000412646,-0.0000000503431,0.00000000000481899,-2.07166E-16,3.05553E-21,94.0886,-0.0213182,0.00000532235,-0.000000000540541,2.41625E-14,-4.06952E-19,40,0,0,0,1.026046,-0.006739162,0.00005791378,-0.0000002506896,0.0000000003942198,0,1.017095,-0.00444308,0.00004311631,-0.0000001977588,0.0000000003180871,0,0.9999176,-0.00007453559,0.00002473916,-0.0000002417643,0.0000000006690856,0,5.62,4500,0,1-3/16,637,1019,2,50,1,124.49,OIL DYNAMICS,100,65.9716,5.11102,12400,55.9772740370073,7.67299708840991,15500,50.3635794891094,8.13344857321969,18600,41.0578472496846,8.38592199260553,65.9716,-0.00637872,0.00000137397,-0.000000000120627,4.55105E-15,-6.74235E-20,5.11102,0.000412646,-0.0000000503431,0.00000000000481899,-2.07166E-16,3.05553E-21,22500,65,65,8,70,2500,5,5,2,5,1,1,1,1,12400,4,18600,4,24000,22000,20000,18600,17600,16500,15500,14500,13400,12400,10000,7500,5000,2500,0,,,
53,562,562-20000,SK20000,Centrilift,KC20000 (?),562-20000,13000,20000,24500,63.141,-0.00253197,0.000000404029,-0.000000000026249,9.49772E-16,-1.78306E-20,5.7177,-0.0000480363,0.0000000414997,-0.0000000000017477,4.19729E-17,-7.56167E-22,59.20189,0.001315377,-0.0000007014239,0.0000000000848076,-3.131535E-15,2.832296E-20,52,0,0,0,1.001558,-0.0002168835,-0.00004510605,0.0000004866233,-0.000000001404329,0,1.00571,-0.001216375,-0.00005534014,0.0000006410107,-0.000000001866822,0,0.9970137,0.0007779016,-0.000007967703,0.0000000342946,-0.00000000004421417,0,5.62,4500,0,1-3/16,637,1019,2,48,1,59.20189,OIL DYNAMICS,100,63.141,5.7177,16000,62.0925185664,10.372300606208,20000,59.0268,11.6711836,24000,45.3614395776001,12.212978568192,63.141,-0.00253197,0.000000404029,-0.000000000026249,9.49772E-16,-1.78306E-20,5.7177,-0.0000480363,0.0000000414997,-0.0000000000017477,4.19729E-17,-7.56167E-22,25000,70,65,12,70,5000,5,5,2,5,1,1,1,1,16000,4,24000,4,28000,26000,24000,2200,20000,18000,16000,14000,12000,10000,7500,5000,2500,0,,,,
54,562,562-26000,SK27000,Reda,HN28000 (?),562-26000,14000,26000,32000,60.6402,-0.000627283,0.0000000315195,-0.0000000000067426,4.14926E-16,-7.73524E-21,4.88923,-0.0000968238,0.00000008607,-0.00000000000774258,3.02776E-16,-4.28462E-21,59.20189,0.001315377,-0.0000007014239,0.0000000000848076,-3.131535E-15,2.832296E-20,52,0,0,0,1.001558,-0.0002168835,-0.00004510605,0.0000004866233,-0.000000001404329,0,1.00571,-0.001216375,-0.00005534014,0.0000006410107,-0.000000001866822,0,0.9970137,0.0007779016,-0.000007967703,0.0000000342946,-0.00000000004421417,0,5.62,4500,0,1-3/16,637,1019,2,47,1,59.20189,OIL DYNAMICS,100,60.6402,4.88923,20800,48.1024762578158,10.4293737972701,26000,44.83601528576,11.92572925888,31200,31.4576465478316,10.7326415214832,60.6402,-0.000627283,0.0000000315195,-0.0000000000067426,4.14926E-16,-7.73524E-21,4.88923,-0.0000968238,0.00000008607,-0.00000000000774258,3.02776E-16,-4.28462E-21,32000,60,60,16,70,4000,5,5,2,5,1,1,1,1,20800,4,31200,4,35000,33000,31200,29900,28600,27300,26000,24700,23400,22100,20800,16000,12000,8000,4000,0,,
55,675,675-7000,SH6700,Centrilift,HC7000,675-7000,4400,7000,9000,113.628,-0.0060965,0.0000028716,-0.000000000706231,6.73757E-14,-2.57555E-18,3.20502,0.000572383,-0.0000000492398,0.00000000000908256,-9.30861E-16,3.08639E-20,170.4919,-0.02470721,0.00001331487,-0.000000002572831,1.847957E-13,-4.766182E-18,6.914577,0.001599427,-0.0000004380702,0.00000000004828695,1.01884,-0.005481532,0.00004667771,-0.0000002684145,0.0000000007485206,-7.576439E-13,0.9975657,0.0005926369,-0.0000213713,0.0000001485355,-0.0000000004129665,0.00000000000040356,0.9571007,0.01179751,-0.0001086601,0.0000005527311,-0.000000001360982,0.000000000001256432,6.75,3000,0,1-3/16,637,1019,4,75,1,170.4919,OIL DYNAMICS,100,113.628,3.20502,5600,97.591745661952,5.71576995546726,7000,87.90545385,6.1980011863,8400,74.1832944506881,6.57822139073434,113.628,-0.0060965,0.0000028716,-0.000000000706231,6.73757E-14,-2.57555E-18,3.20502,0.000572383,-0.0000000492398,0.00000000000908256,-9.30861E-16,3.08639E-20,10000,110,60,6,70,2000,10,5,1,5,1,1,1,1,5600,4,8400,4,11000,10000,9000,8400,7950,7450,7000,6550,6050,5600,5000,3750,2500,1250,0,,,
56,675,675-7600,SH7500,Centrilift,HC7800,675-7600,4500,7600,11000,112.18,-0.00520122,0.0000030215,-0.000000000664592,5.40467E-14,-1.63958E-18,4.18139,0.0000484746,0.0000000974161,-0.00000000000806723,1.5471E-16,-6.91265E-22,170.4919,-0.02470721,0.00001331487,-0.000000002572831,1.847957E-13,-4.766182E-18,3.115947,0.00376179,-0.0000008964279,0.00000000006731738,1.01884,-0.005481532,0.00004667771,-0.0000002684145,0.0000000007485206,-7.576439E-13,0.9975657,0.0005926369,-0.0000213713,0.0000001485355,-0.0000000004129665,0.00000000000040356,0.9571007,0.01179751,-0.0001086601,0.0000005527311,-0.000000001360982,0.000000000001256432,6.75,3000,0,1-3/16,637,1019,3,49,1,170.4919,OIL DYNAMICS,100,112.18,4.18139,6080,103.113021318784,6.46975224551062,7600,94.1722150100993,7.13384956492559,9120,82.3793876034801,7.63326997475094,112.18,-0.00520122,0.0000030215,-0.000000000664592,5.40467E-14,-1.63958E-18,4.18139,0.0000484746,0.0000000974161,-0.00000000000806723,1.5471E-16,-6.91265E-22,12000,120,60,7,75,2000,10,5,1,5,1,1,1,1,6080,4,9120,4,13000,12000,11000,10000,9120,8600,8100,7600,7100,6600,6080,4500,3000,1500,0,,,
57,675,675-11000,SH10000,Centrilift,HC10000 (?),675-11000,6000,11000,14000,103.411,-0.00347651,0.00000194458,-0.000000000371224,2.54582E-14,-6.39736E-19,4.6961,-0.00075171,0.000000381023,-0.0000000000465031,2.35541E-15,-4.47898E-20,156.9409,-0.01441551,0.000006146524,-0.0000000008863966,4.593659E-14,-9.15251E-19,7.991518,0.000842156,-0.000000179733,0.00000000001884385,1.017605,-0.005493337,0.00005689876,-0.0000003720655,0.000000001096101,-0.00000000000113702,0.9979699,0.0006522636,-0.0000284369,0.0000002124017,-0.0000000006153331,6.168801E-13,0.9718806,0.007639913,-0.00006753168,0.0000003538953,-0.0000000009041032,8.596656E-13,6.75,3000,0,1-3/16,637,1019,2,49,1,156.9409,OIL DYNAMICS,100,103.411,4.6961,8800,89.3379590589235,7.65849633506713,11000,76.0678096639999,7.9075626302,13200,59.0696503155403,7.76723409800806,103.411,-0.00347651,0.00000194458,-0.000000000371224,2.54582E-14,-6.39736E-19,4.6961,-0.00075171,0.000000381023,-0.0000000000465031,2.35541E-15,-4.47898E-20,15000,100,50,9,80,2500,10,10,1,5,1,1,1,1,8800,4,13200,4,17000,16000,15000,14000,13200,12500,11700,11000,10300,9500,8800,8000,6000,4000,2000,0,,
58,675,675-12000,SH12000,Centrilift,HC12500 (?),675-12000,6600,11750,15500,112.359,0.00597672,-0.00000170849,0.000000000131307,-3.74345E-15,0,5.05464,0.000480877,-0.0000000160772,0.00000000000170286,-5.72796E-17,0,133.4292,-0.00506464,0.000001049965,-0.00000000007220576,-2.982452E-16,4.481593E-20,15.99859,-0.001667586,0.0000001074125,0.000000000005381202,1.011164,-0.003054202,0.00001398784,-0.0000000728796,0.0000000002259418,-2.514998E-13,0.9978783,0.0005312487,-0.00001953511,0.0000001339064,-0.0000000003683365,3.571917E-13,0.9836271,0.003973292,-0.00001887251,0.00000007973787,-0.0000000002144058,2.237518E-13,6.75,3000,0,1-3/16,637,1019,2,44,1,133.4292,OIL DYNAMICS,100,112.359,5.05464,9400,97.41253794488,9.12146079694784,11750,88.3629375177735,10.1559033535641,14100,77.086976047455,11.1481904560184,112.359,0.00597672,-0.00000170849,0.000000000131307,-3.74345E-15,0,5.05464,0.000480877,-0.0000000160772,0.00000000000170286,-5.72796E-17,0,17500,120,120,10,75,2500,10,10,2,5,1,1,1,1,9400,4,14100,4,20000,18000,16000,14100,13500,13000,12300,11750,11150,10500,10000,9400,8000,6000,4000,2000,0,
59,675,675-12500,SH12000,Centrilift,HC12500 (?),675-12500,6600,11750,15500,112.359,0.00597672,-0.00000170849,0.000000000131307,-3.74345E-15,0,5.05464,0.000480877,-0.0000000160772,0.00000000000170286,-5.72796E-17,0,133.4292,-0.00506464,0.000001049965,-0.00000000007220576,-2.982452E-16,4.481593E-20,15.99859,-0.001667586,0.0000001074125,0.000000000005381202,1.011164,-0.003054202,0.00001398784,-0.0000000728796,0.0000000002259418,-2.514998E-13,0.9978783,0.0005312487,-0.00001953511,0.0000001339064,-0.0000000003683365,3.571917E-13,0.9836271,0.003973292,-0.00001887251,0.00000007973787,-0.0000000002144058,2.237518E-13,6.75,3000,0,1-3/16,637,1019,2,44,1,133.4292,OIL DYNAMICS,100,112.359,5.05464,9400,97.41253794488,9.12146079694784,11750,88.3629375177735,10.1559033535641,14100,77.086976047455,11.1481904560184,112.359,0.00597672,-0.00000170849,0.000000000131307,-3.74345E-15,0,5.05464,0.000480877,-0.0000000160772,0.00000000000170286,-5.72796E-17,0,17500,120,120,10,75,2500,10,10,2,5,1,1,1,1,9400,4,14100,4,20000,18000,16000,14100,13500,13000,12300,11750,11150,10500,10000,9400,8000,6000,4000,2000,0,
60,675,675-17000,SH16000,Centrilift,HC16000,675-17000,11000,17000,21500,100.384,-0.00614207,0.00000115734,-0.000000000111838,4.72222E-15,-7.70895E-20,7.52959,-0.000141026,0.0000000790729,-0.00000000000648408,2.42145E-16,-3.77918E-21,115.7603,-0.001306775,-0.0000008365162,0.000000000131397,-6.813847E-15,7.651434E-20,22.76617,-0.001151561,0.0000000278482,0.000000000005283832,1.019938,-0.005763285,0.00005682572,-0.0000003213877,0.000000000849122,-8.195766E-13,1.002971,-0.0005554472,-0.000002709583,0.00000003378622,-0.0000000001096465,1.149784E-13,0.9966876,0.0006273478,0.000000245135,-0.000000008907503,0.00000000003199193,-3.767257E-14,6.75,3000,0,1-3/16,637,1019,3,49,1,115.7603,OIL DYNAMICS,100,100.384,7.52959,13600,75.2714206986445,10.4520747782674,17000,65.9284464184999,10.98622842774,20400,52.7328724527154,11.0967984887124,100.384,-0.00614207,0.00000115734,-0.000000000111838,4.72222E-15,-7.70895E-20,7.52959,-0.000141026,0.0000000790729,-0.00000000000648408,2.42145E-16,-3.77918E-21,25000,100,80,14,75,2500,10,10,2,5,1,1,1,1,13600,4,20400,4,25000,23000,21500,20400,19550,18700,17850,17000,16150,15300,14450,13600,12000,9000,6000,3000,0,
61,675,675-19000,SH21000,Centrilift,HC20000 (?),675-19000,12800,19000,24000,108.066,0.00209469,-0.000000614805,0.0000000000342116,-6.70048E-16,0,10.3812,0.000306755,-0.0000000442628,0.00000000000332416,-7.35417E-17,0,115.7603,-0.001306775,-0.0000008365162,0.000000000131397,-6.813847E-15,7.651434E-20,22.76617,-0.001151561,0.0000000278482,0.000000000005283832,1.019938,-0.005763285,0.00005682572,-0.0000003213877,0.000000000849122,-8.195766E-13,1.002971,-0.0005554472,-0.000002709583,0.00000003378622,-0.0000000001096465,1.149784E-13,0.9966876,0.0006273478,0.000000245135,-0.000000008907503,0.00000000003199193,-3.767257E-14,6.75,3000,0,1-3/16,637,1019,2,44,1,115.7603,OIL DYNAMICS,100,108.066,10.3812,15200,82.2384964856832,12.5655925472973,19000,73.256543992,13.4470597543,22800,60.6431261171712,13.8913142485325,108.066,0.00209469,-0.000000614805,0.0000000000342116,-6.70048E-16,0,10.3812,0.000306755,-0.0000000442628,0.00000000000332416,-7.35417E-17,0,25000,110,140,16,75,5000,10,10,2,5,1,1,1,1,15200,4,22800,4,28000,26000,24000,22800,21400,20000,19000,17600,16400,15200,13000,10000,5000,0,,,,
62,675,675-30000,SH27000,Centrilift,HC27000,675-30000,21000,30000,36000,92.4851,-0.00358688,0.000000418654,-0.0000000000192075,4.15533E-16,-4.19783E-21,10.6326,-0.000441789,0.000000135152,-0.00000000000731355,1.74695E-16,-1.65343E-21,109.4705,0.005308547,-0.000000704444,0.0000000000627755,-2.087984E-15,2.103666E-20,40.58897,-0.002462461,0.00000008768855,-0.000000000000228676,1.011771,-0.003588993,0.00002604331,-0.0000001222618,0.0000000002864607,-2.543712E-13,1.007099,-0.001822697,0.00001523133,-0.00000008141668,0.000000000212982,-2.070024E-13,0.9925437,0.002278415,-0.00002471423,0.0000001459686,-0.0000000003929672,3.831393E-13,6.75,3000,0,1-3/16,637,1019,2,37,1,109.4705,OIL DYNAMICS,100,92.4851,10.6326,24000,86.45833870208,21.56866771968,30000,77.639261,22.874481,36000,53.8970317299202,22.10812693632,92.4851,-0.00358688,0.000000418654,-0.0000000000192075,4.15533E-16,-4.19783E-21,10.6326,-0.000441789,0.000000135152,-0.00000000000731355,1.74695E-16,-1.65343E-21,40000,100,100,30,75,5000,10,10,5,5,1,1,1,1,24000,4,36000,4,42000,39000,36000,34000,32000,30000,28000,26000,24000,20000,16000,12000,8000,4000,0,,,
63,675,675-36000,SH35000,Centrilift,HC35000,675-36000,26500,36000,43200,86.7168,-0.00150485,0.0000000774644,-0.000000000000144212,-2.66426E-17,0,13.5422,-0.0000422411,0.0000000372421,-0.000000000000916486,6.40436E-18,0,100.3878,0.0006257664,-0.00000003962183,0.00000000001109302,-3.363045E-16,2.33673E-21,121.383,-0.009696719,0.0000003191491,-0.000000000002788783,1.011771,-0.003588993,0.00002604331,-0.0000001222618,0.0000000002864607,-2.543712E-13,1.007099,-0.001822697,0.00001523133,-0.00000008141668,0.000000000212982,-2.070024E-13,0.9925437,0.002278415,-0.00002471423,0.0000001459686,-0.0000000003929672,3.831393E-13,6.75,3000,0,1-3/16,637,1019,2,37,1,100.3878,OIL DYNAMICS,100,86.7168,13.5422,28800,85.8549456049766,25.7288556055593,36000,81.4583700864,28.28457670976,43200,61.8556185874023,29.6369791681679,86.7168,-0.00150485,0.0000000774644,-0.000000000000144212,-2.66426E-17,0,13.5422,-0.0000422411,0.0000000372421,-0.000000000000916486,6.40436E-18,0,50000,100,100,35,75,5000,10,10,5,5,1,1,1,1,28800,4,43200,4,52000,47000,43200,41400,39600,37800,36000,34200,32400,30600,28800,25000,20000,15000,10000,5000,0,
64,875,875-21000,SQ21000,Centrilift,WIE600 (?),875-21000,12800,21000,27500,131.771,-0.00230492,0.000000230295,-0.0000000000129886,1.55313E-16,0,12.7,-0.000297987,0.0000000834772,-0.00000000000340211,3.85791E-17,0,546.7792,-0.0143228,0.0000004721593,0.00000000001420679,-1.907101E-15,3.03706E-20,-0.3913972,0.002845448,-0.000000196828,0.000000000005286884,1.015741,-0.004127606,0.00003272195,-0.0000001517593,0.0000000003487565,-3.065217E-13,1.00273,-0.0006538992,0.000005485911,-0.00000002878237,0.00000000007015699,-6.356101E-14,0.9934372,0.001514697,-0.000007864897,0.00000003347274,-0.00000000007804574,6.931435E-14,8.75,2500,0,1-3/8,760,1216,2,26,1,546.7792,OIL DYNAMICS,100,131.771,12.7,16800,108.831786530509,18.1960583220122,21000,94.845777953,19.2516794371,25200,74.7108576651008,19.3161126186266,131.771,-0.00230492,0.000000230295,-0.0000000000129886,1.55313E-16,0,12.7,-0.000297987,0.0000000834772,-0.00000000000340211,3.85791E-17,0,3500,130,100,22,75,2500,10,10,2,5,1,1,1,1,16800,4,25200,4,35000,32500,30000,27500,25200,23800,22400,21000,19600,18200,16800,15000,10000,5000,0,,,
65,875,875-24000,SQ27000,Centrilift,WIE700,875-24000,19000,28000,35700,161.064,-0.00326631,0.00000016006,-0.00000000000400463,0,0,20.6995,-0.000166787,0.000000044391,-0.000000000000986633,0,0,481.9625,-0.02221715,0.000002798574,-0.0000000001390546,2.714227E-15,-1.9992299E-20,10.18744,0.0003942332,-0.00000002707237,0.000000000001872959,1.015741,-0.004127606,0.00003272195,-0.0000001517593,0.0000000003487565,-3.065217E-13,1.00273,-0.0006538992,0.000005485911,-0.00000002878237,0.00000000007015699,-6.356101E-14,0.9934372,0.001514697,-0.000007864897,0.00000003347274,-0.00000000007804574,6.931435E-14,8.75,2500,0,1-1/2,1000,1600,2,26,1,481.9625,OIL DYNAMICS,100,161.064,20.6995,22400,123.20062706688,28.147912740608,28000,107.18472224,29.173440384,33600,80.10946755072,27.785115319552,161.064,-0.00326631,0.00000016006,-0.00000000000400463,0,0,20.6995,-0.000166787,0.000000044391,-0.000000000000986633,0,0,42000,160,100,35,75,2000,10,10,5,5,1,1.05,1,1,22400,4,33600,4,42000,39000,36000,33600,31000,28000,25000,22400,18000,12000,6000,0,,,,,,
66,875,875-28000,SQ27000,Centrilift,WIE700,875-28000,19000,28000,35700,161.064,-0.00326631,0.00000016006,-0.00000000000400463,0,0,20.6995,-0.000166787,0.000000044391,-0.000000000000986633,0,0,481.9625,-0.02221715,0.000002798574,-0.0000000001390546,2.714227E-15,-1.9992299E-20,10.18744,0.0003942332,-0.00000002707237,0.000000000001872959,1.015741,-0.004127606,0.00003272195,-0.0000001517593,0.0000000003487565,-3.065217E-13,1.00273,-0.0006538992,0.000005485911,-0.00000002878237,0.00000000007015699,-6.356101E-14,0.9934372,0.001514697,-0.000007864897,0.00000003347274,-0.00000000007804574,6.931435E-14,8.75,2500,0,1-1/2,1000,1600,2,26,1,481.9625,OIL DYNAMICS,100,161.064,20.6995,22400,123.20062706688,28.147912740608,28000,107.18472224,29.173440384,33600,80.10946755072,27.785115319552,161.064,-0.00326631,0.00000016006,-0.00000000000400463,0,0,20.6995,-0.000166787,0.000000044391,-0.000000000000986633,0,0,0,0,0,0,0,0,0,0,0,0,0,1,1,1,22400,4,33600,4,,,,,,,,,,,,,,,,,,
67,875,875-34000,SQ35000,(?),(?),875-34000,23700,34000,41350,166.611,-0.000157503,-0.000000196089,0.00000000000692622,-8.323E-17,0,27.3332,0.0000988815,-0.00000000084902,0.000000000000134997,-2.36728E-18,0,481.9625,-0.02221715,0.000002798574,-0.0000000001390546,2.714227E-15,-1.9992299E-20,10.18744,0.0003942332,-0.00000002707237,0.000000000001872959,1.015741,-0.004127606,0.00003272195,-0.0000001517593,0.0000000003487565,-3.065217E-13,1.00273,-0.0006538992,0.000005485911,-0.00000002878237,0.00000000007015699,-6.356101E-14,0.9934372,0.001514697,-0.000007864897,0.00000003347274,-0.00000000007804574,6.931435E-14,8.75,2500,0,1-1/2,1000,1600,3,30,1,481.9625,OIL DYNAMICS,100,166.611,27.3332,27200,111.076204623872,30.8155079355576,34000,95.5819196,31.85614448192,40800,73.5450079480321,32.5630907057285,166.611,-0.000157503,-0.000000196089,0.00000000000692622,-8.323E-17,0,27.3332,0.0000988815,-0.00000000084902,0.000000000000134997,-2.36728E-18,0,0,0,0,0,0,0,0,0,0,0,0,1,1,1,27200,4,40800,4,,,,,,,,,,,,,,,,,,
68,400,400-1200R-F,(?),(?),(?),400-1200R-F,0,1220,0,34.57892,0.002748061,-0.00002089607,0.00000003169602,-0.00000000002265978,4.61854E-15,0.255011,0.0000350732,0.00000028385,-0.000000000302476,0.000000000000108211,-1.27525E-17,0,0,0,0,0,0,0,0,0,0,0,0,0,0,0,0,0,0,0,0,0,0,0,0,0,0,0,0,0,0,0,0,0,0,0,0,0,0,OIL DYNAMICS,100,34.57892,0.255011,976,30.3529511822616,0.365311776634857,1220,26.6685703610289,0.376289486572952,1464,20.2389096560627,0.376955617033409,34.57892,0.002748061,-0.00002089607,0.00000003169602,-0.00000000002265978,4.61854E-15,0.255011,0.0000350732,0.00000028385,-0.000000000302476,0.000000000000108211,-1.27525E-17,1800,35,35,0.45,65,200,5,5,0.05,5,1,1,1,1,976,4,1464,4,1850,1750,1650,1550,1464,1403,1342,1281,1220,1159,1098,1037,976,900,700,500,250,0
69,400,400-900R-F,(?),(?),(?),400-900R-F,0,1000,0,36.0124,0.001858831,-0.00001972707,0.00000003153795,-0.00000000003035879,7.967719E-15,0.232,0.000292781,-0.000000610534,0.000000000851552,-0.000000000000565847,1.32904E-16,0,0,0,0,0,0,0,0,0,0,0,0,0,0,0,0,0,0,0,0,0,0,0,0,0,0,0,0,0,0,0,0,0,0,0,0,0,0,OIL DYNAMICS,100,36.0124,0.232,800,31.19747217792,0.32325671552,1000,27.29104,0.332856,1200,21.20784159808,0.33301743808,36.0124,0.001858831,-0.00001972707,0.00000003153795,-0.00000000003035879,7.967719E-15,0.232,0.000292781,-0.000000610534,0.000000000851552,-0.000000000000565847,1.32904E-16,1600,35,35,0.4,60,100,5,5,0.05,5,1,1,1,1,800,5,1200,5,1600,1400,1200,1100,1000,900,800,600,400,200,0,,,,,,,
70,538,538-4000R-F,(?),(?),(?),538-4000R-F,0,4000,0,53.47785,-0.005024993,0.0000004637216,0.00000000005865531,-5.611243E-14,3.672494E-18,1.187266,0.0000005179235,0.00000007735836,-0.00000000002367939,2.872443E-15,0,0,0,0,0,0,0,0,0,0,0,0,0,0,0,0,0,0,0,0,0,0,0,0,0,0,0,0,0,0,0,0,0,0,0,0,0,0,0,OIL DYNAMICS,100,53.47785,1.187266,3200,39.4168685440461,1.5063441891968,4000,33.947215216,1.646935902,4800,26.0996856229939,1.8781497863488,53.47785,-0.005024993,0.0000004637216,0.00000000005865531,-5.611243E-14,3.672494E-18,1.187266,0.0000005179235,0.00000007735836,-0.00000000002367939,2.872443E-15,0,6400,5400,4800,4600,4400,4200,4000,3800,3600,3400,3200,3000,2250,1500,750,0,0,0,,,,,,,,,,,,,,,,,,
71,538,538-5500R-F,(?),(?),(?),538-5500R-F,3500,5800,7300,61.93361,0.00292,-0.00000458992,0.00000000145977,-0.000000000000192291,8.2754E-18,1.602,0.0000455834,0.000000106038,-0.0000000000226996,1.91469E-15,-6.61586E-20,0,0,0,0,0,0,0,0,0,0,0,0,0,0,0,0,0,0,0,0,0,0,0,0,0,0,0,0,0,0,0,0,0,0,0,0,0,0,OIL DYNAMICS,100,61.93361,1.602,4640,51.1572983761798,2.57404649892977,5800,45.993460185472,2.73705940870995,6960,36.0084454008115,2.81513094570339,61.93361,0.00292,-0.00000458992,0.00000000145977,-0.000000000000192291,8.2754E-18,1.602,0.0000455834,0.000000106038,-0.0000000000226996,1.91469E-15,-6.61586E-20,9000,65,60,3.5,75,500,5,10,0.5,5,1,1,1,1,4640,4,6960,4,9200,8500,8000,7500,6960,6570,6190,5800,5410,5030,4640,4000,3000,2000,0,,,
